<?xml version="1.0" encoding="UTF-8"?>
<project-private xmlns="http://www.netbeans.org/ns/project-private/1">
    <editor-bookmarks xmlns="http://www.netbeans.org/ns/editor-bookmarks/2" lastBookmarkId="0"/>
    <open-files xmlns="http://www.netbeans.org/ns/projectui-open-files/2">
        <group>
            <file>file:/C:/Users/a/Documents/NetBeansProjects/PDC_Assignment2/src/model/ResultChecker.java</file>
            <file>file:/C:/Users/a/Documents/NetBeansProjects/PDC_Assignment2/src/model/nonCelebContester.java</file>
            <file>file:/C:/Users/a/Documents/NetBeansProjects/PDC_Assignment2/src/controller/GameController.java</file>
            <file>file:/C:/Users/a/Documents/NetBeansProjects/PDC_Assignment2/src/View/MainGUI.java</file>
            <file>file:/C:/Users/a/Documents/NetBeansProjects/PDC_Assignment2/test/pdc_assignment/TestCase2.java</file>
            <file>file:/C:/Users/a/Documents/NetBeansProjects/PDC_Assignment2/src/model/Chance.java</file>
            <file>file:/C:/Users/a/Documents/NetBeansProjects/PDC_Assignment2/test/pdc_assignment/TestCase3.java</file>
            <file>file:/C:/Users/a/Documents/NetBeansProjects/PDC_Assignment2/test/pdc_assignment/TestCase4.java</file>
            <file>file:/C:/Users/a/Documents/NetBeansProjects/PDC_Assignment2/src/View/QuizGameGUI.java</file>
            <file>file:/C:/Users/a/Documents/NetBeansProjects/PDC_Assignment2/src/model/ResultSaver.java</file>
            <file>file:/C:/Users/a/Documents/NetBeansProjects/PDC_Assignment2/test/pdc_assignment/TestCase5.java</file>
            <file>file:/C:/Users/a/Documents/NetBeansProjects/PDC_Assignment2/test/pdc_assignment/TestCase1.java</file>
        </group>
    </open-files>
</project-private>
