<?xml version="1.0" encoding="UTF-8"?>
<project-private xmlns="http://www.netbeans.org/ns/project-private/1">
    <editor-bookmarks xmlns="http://www.netbeans.org/ns/editor-bookmarks/2" lastBookmarkId="0"/>
    <open-files xmlns="http://www.netbeans.org/ns/projectui-open-files/2">
        <group>
            <file>file:/C:/Users/a/Documents/NetBeansProjects/PDC_Assignment2/src/a/Contester.java</file>
            <file>file:/C:/Users/a/Documents/NetBeansProjects/PDC_Assignment2/src/a/QuestionDBManager.java</file>
            <file>file:/C:/Users/a/Documents/NetBeansProjects/PDC_Assignment2/src/a/MainGUI.java</file>
            <file>file:/C:/Users/a/Documents/NetBeansProjects/PDC_Assignment2/src/a/QuestionList.java</file>
            <file>file:/C:/Users/a/Documents/NetBeansProjects/PDC_Assignment2/src/a/MillionaireGame.java</file>
            <file>file:/C:/Users/a/Documents/NetBeansProjects/PDC_Assignment2/src/a/ResultSaver.java</file>
            <file>file:/C:/Users/a/Documents/NetBeansProjects/PDC_Assignment2/src/a/Chance.java</file>
            <file>file:/C:/Users/a/Documents/NetBeansProjects/PDC_Assignment2/src/a/QuizGameGUI.java</file>
            <file>file:/C:/Users/a/Documents/NetBeansProjects/PDC_Assignment2/src/a/Game.java</file>
            <file>file:/C:/Users/a/Documents/NetBeansProjects/PDC_Assignment2/src/a/nonCelebContester.java</file>
            <file>file:/C:/Users/a/Documents/NetBeansProjects/PDC_Assignment2/src/a/Question.java</file>
            <file>file:/C:/Users/a/Documents/NetBeansProjects/PDC_Assignment2/src/a/CelebrityContester.java</file>
            <file>file:/C:/Users/a/Documents/NetBeansProjects/PDC_Assignment2/src/a/QuestionDB.java</file>
            <file>file:/C:/Users/a/Documents/NetBeansProjects/PDC_Assignment2/src/a/ResultChecker.java</file>
        </group>
    </open-files>
</project-private>
